Date,Route,Rating,Notes,URL,Pitches,Location,Avg Stars,Your Stars,Style,Lead Style,Route Type,Your Grade,Length,Route Crag,Route State
2023-03-26,Cholla,5.8,No Notes,https://www.mountainproject.com/route/121863071/cholla,1,Nevada > Southern Nevada > Red Rocks > 03-First Pullout (Calico I) > Cactus Massacre,2.4,-1,Lead,Onsight,Sport,Not Assigned,75.0,Cactus Massacre,Nevada
2023-03-26,Cactus Pete,5.10a,No Notes,https://www.mountainproject.com/route/116697801/cactus-pete,1,Nevada > Southern Nevada > Red Rocks > 03-First Pullout (Calico I) > Cactus Massacre,2.8,-1,TR,Not Led,Sport,Not Assigned,70.0,Cactus Massacre,Nevada
2023-03-25,The Griswolds,5.10b,No Notes,https://www.mountainproject.com/route/121883568/the-griswolds,1,Nevada > Southern Nevada > Blue Diamond Area > Blue Diamond Cave,2.6,-1,TR,Not Led,Sport,Not Assigned,60.0,Blue Diamond Cave,Nevada
2022-12-25,Machine Gun Jumblies,5.10a,No Notes,https://www.mountainproject.com/route/106815881/machine-gun-jumblies,1,California > Sierra Eastside > Bishop Area > Owens River Gorge > Upper Gorge > Gotham City,3.1,-1,TR,Not Led,Sport,Not Assigned,115.0,Gotham City,California
2022-12-25,Double Flipper,5.9,No Notes,https://www.mountainproject.com/route/106446245/double-flipper,1,California > Sierra Eastside > Bishop Area > Owens River Gorge > Upper Gorge > Gotham City,2.0,-1,TR,Not Led,Sport,Not Assigned,80.0,Gotham City,California
2022-12-25,Dr. Evil,5.10a,No Notes,https://www.mountainproject.com/route/106446253/dr-evil,1,California > Sierra Eastside > Bishop Area > Owens River Gorge > Upper Gorge > Gotham City,3.5,-1,TR,Not Led,Sport,Not Assigned,130.0,Gotham City,California
2022-12-05,Can Can,5.10c,First 10c no falls! ,https://www.mountainproject.com/route/116622593/can-can,1,International > Europe > Spain > Catalonia > Margalef > Can Regino,2.5,-1,TR,Not Led,Sport,Not Assigned,80.0,Can Regino,International
2022-11-27,El Cargolet,5.10b,Send ,https://www.mountainproject.com/route/117990072/el-cargolet,1,International > Europe > Spain > Catalonia > Siurana > Valley Crags > El Cargol,2.8,-1,TR,Not Led,Sport,Not Assigned,45.0,El Cargol,International
2022-11-27,Purgandus Populus (P1),5.10a,1 take ,https://www.mountainproject.com/route/112566941/purgandus-populus-p1,1,International > Europe > Spain > Catalonia > Siurana > Valley Crags > El Cargol,2.2,-1,TR,Not Led,Sport,Not Assigned,60.0,El Cargol,International
2022-11-27,Maxi-kosi,5.7,No Notes,https://www.mountainproject.com/route/122491274/maxi-kosi,1,International > Europe > Spain > Catalonia > Margalef > Bloc del Porc,2.0,-1,TR,Not Led,Sport,Not Assigned,35.0,Bloc del Porc,International
2022-11-27,Wesdel,5.6,No Notes,https://www.mountainproject.com/route/122476523/wesdel,1,International > Europe > Spain > Catalonia > Margalef > Bloc del Porc,2.0,-1,TR,Not Led,Sport,Not Assigned,40.0,Bloc del Porc,International
2022-11-27,Lame Chucha Baby,5.11a,"Challenging start, got to the top, figured out moves ",https://www.mountainproject.com/route/114229931/lame-chucha-baby,1,International > Europe > Spain > Catalonia > Siurana > Valley Crags > El Pati,3.2,-1,TR,Not Led,Sport,Not Assigned,80.0,El Pati,International
2022-11-27,Marieta de L'ull Viu,5.10c,"Only fell at crux, really likes it. Go back!!",https://www.mountainproject.com/route/106625020/marieta-de-lull-viu,1,International > Europe > Spain > Catalonia > Siurana > Valley Crags > Espero Primavera,3.0,-1,TR,Not Led,Sport,Not Assigned,90.0,Espero Primavera,International
2022-11-25,De Que Vas?,5.10c,No falls but may have had top rope assistance ,https://www.mountainproject.com/route/122221774/de-que-vas,1,International > Europe > Spain > Catalonia > Arboli > El Falco,1.7,-1,TR,Not Led,Sport,Not Assigned,50.0,El Falco,International
2022-11-25,Espavilla Fidel,5.10d,"2-3 falls, figured out great beta",https://www.mountainproject.com/route/122221790/espavilla-fidel,1,International > Europe > Spain > Catalonia > Arboli > El Falco,2.0,-1,TR,Not Led,Sport,Not Assigned,50.0,El Falco,International
2022-11-24,Via del Pollito,5.8+,No Notes,https://www.mountainproject.com/route/121949048/via-del-pollito,1,International > Europe > Spain > Catalonia > Margalef > Bloc del Porc,1.0,-1,TR,Not Led,Sport,Not Assigned,35.0,Bloc del Porc,International
2022-11-24,Via del Pollo,5.8,No Notes,https://www.mountainproject.com/route/121949015/via-del-pollo,1,International > Europe > Spain > Catalonia > Margalef > Bloc del Porc,1.0,-1,Lead,Onsight,Sport,Not Assigned,35.0,Bloc del Porc,International
2022-11-24,Magrana,5.11a,"Got to the top!! 1st 11a
Few takes and falls but made the moves :) ",https://www.mountainproject.com/route/106631901/magrana,1,International > Europe > Spain > Catalonia > Margalef > Raco de la Finestra,3.7,4,TR,Not Led,Sport,Not Assigned,70.0,Raco de la Finestra,International
2022-11-23,Ferralladura,5.10a,"2 falls, 1 at start after 2 bolt, 1 at crux after 1st anchors. ",https://www.mountainproject.com/route/112555890/ferralladura,2,International > Europe > Spain > Catalonia > Siurana > Valley Crags > Espero Primavera,2.3,-1,TR,Not Led,Sport,Not Assigned,105.0,Espero Primavera,International
2022-11-23,Espero Primavera,5.10a,No Notes,https://www.mountainproject.com/route/106624755/espero-primavera,2,International > Europe > Spain > Catalonia > Siurana > Valley Crags > Espero Primavera,3.0,-1,TR,Not Led,Sport,Not Assigned,115.0,Espero Primavera,International
2022-11-19,Big Bad Wolf,5.9,"Adam linked all pitches, 1 fall at beginning ",https://www.mountainproject.com/route/107339211/big-bad-wolf,3,Nevada > Southern Nevada > Red Rocks > 01-Calico Basin > Riding Hood Wall,3.1,-1,TR,Not Led,Sport,Not Assigned,220.0,Riding Hood Wall,Nevada
2022-11-13,Peking Duck,5.10d,5th bolt then lowered ,https://www.mountainproject.com/route/105897531/peking-duck,1,California > Sierra Eastside > Bishop Area > Owens River Gorge > Central Gorge > Great Wall of China,3.0,-1,TR,Not Led,Sport,Not Assigned,70.0,Great Wall of China,California
2022-11-13,Manchurian Candidate,5.11a/b,Flail and lowered. Haha,https://www.mountainproject.com/route/113637346/manchurian-candidate,1,California > Sierra Eastside > Bishop Area > Owens River Gorge > Central Gorge > Great Wall of China,3.4,-1,TR,Not Led,Sport,Not Assigned,100.0,Great Wall of China,California
2022-11-13,Crowd Pleaser,5.9,No Notes,https://www.mountainproject.com/route/105897024/crowd-pleaser,1,California > Sierra Eastside > Bishop Area > Owens River Gorge > Central Gorge > Warm Up Wall,2.7,-1,Not Specified,Not Led,Sport,Not Assigned,80.0,Warm Up Wall,California
2022-11-13,String of Pearls,5.8,No Notes,https://www.mountainproject.com/route/109027777/string-of-pearls,1,California > Sierra Eastside > Bishop Area > Owens River Gorge > Central Gorge > Warm Up Wall,2.6,-1,Lead,Not Led,Sport,Not Assigned,80.0,Warm Up Wall,California
2022-11-13,Breaking Wind,5.7,No Notes,https://www.mountainproject.com/route/107609133/breaking-wind,1,California > Sierra Eastside > Bishop Area > Owens River Gorge > Central Gorge > Warm Up Wall,2.4,-1,Lead,Not Led,Sport,Not Assigned,75.0,Warm Up Wall,California
2022-10-25,Edge Zeppelin,5.10a,No Notes,https://www.mountainproject.com/route/112528167/edge-zeppelin,1,California > Sierra Eastside > Bishop Area > Owens River Gorge > Lower Gorge > Diamondback Area,2.2,-1,Not Specified,Not Led,Sport,Not Assigned,50.0,Diamondback Area,California
2022-10-25,Finked,5.7,No Notes,https://www.mountainproject.com/route/112528173/finked,1,California > Sierra Eastside > Bishop Area > Owens River Gorge > Lower Gorge > Diamondback Area,2.8,-1,Not Specified,Not Led,Sport,Not Assigned,80.0,Diamondback Area,California
2022-10-25,Chukars Gonna Chuk,5.9,No Notes,https://www.mountainproject.com/route/118141284/chukars-gonna-chuk,1,California > Sierra Eastside > Bishop Area > Owens River Gorge > Lower Gorge > Diamondback Area,1.8,-1,Not Specified,Not Led,Sport,Not Assigned,60.0,Diamondback Area,California
2022-10-25,Chewy the Beaver,5.8+,No Notes,https://www.mountainproject.com/route/112528187/chewy-the-beaver,1,California > Sierra Eastside > Bishop Area > Owens River Gorge > Lower Gorge > Diamondback Area,2.5,-1,Not Specified,Not Led,Sport,Not Assigned,105.0,Diamondback Area,California
2022-10-09,The Grack - Center,5.6,No Notes,https://www.mountainproject.com/route/105862623/the-grack-center,3,California > Yosemite National Park > Yosemite Valley > Valley South Side > I. Glacier Point Apron > 3. The Grack Area,3.4,-1,TR,Not Led,Trad,Not Assigned,500.0,3. The Grack Area,California
2022-09-24,Super Slide,5.9,No Notes,https://www.mountainproject.com/route/105915124/super-slide,5,California > Yosemite National Park > Yosemite Valley > Valley North Side > H. Royal Arches Area > Royal Arches > Western Royal Arches,3.2,-1,TR,Not Led,Trad,Not Assigned,500.0,Western Royal Arches,California
2022-09-18,Kiddie Corner,5.10a,No Notes,https://www.mountainproject.com/route/113004657/kiddie-corner,1,California > Yosemite National Park > Yosemite Valley > Lower Merced River Canyon > Am. Pat and Jack Pinnacle,2.7,-1,TR,Not Led,Trad,Not Assigned,110.0,Am. Pat and Jack Pinnacle,California
2022-09-18,Suds,5.9,No Notes,https://www.mountainproject.com/route/105990390/suds,1,California > Yosemite National Park > Yosemite Valley > Lower Merced River Canyon > Am. Pat and Jack Pinnacle,2.6,-1,Not Specified,Not Led,Trad,Not Assigned,120.0,Am. Pat and Jack Pinnacle,California
2022-09-18,More Mental than Mantel,5.10-,No Notes,https://www.mountainproject.com/route/117921253/more-mental-than-mantel,2,California > Yosemite National Park > Yosemite Valley > Lower Merced River Canyon > Am. Pat and Jack Pinnacle,2.9,-1,TR,Not Led,Trad,Not Assigned,130.0,Am. Pat and Jack Pinnacle,California
2022-08-25,School for Ants,5.9,No Notes,https://www.mountainproject.com/route/117363340/school-for-ants,1,California > Sierra Eastside > Bishop Area > Pine Creek Canyon > Hansel's Hangout,1.8,-1,Not Specified,Not Led,Sport,Not Assigned,45.0,Hansel's Hangout,California
2022-08-22,It’s a Crime,5.11a,No Notes,https://www.mountainproject.com/route/113437177/its-a-crime,1,California > Sierra Eastside > Bishop Area > Pine Creek Canyon > Scheelite Canyon / Pratt's Crack Gully > Planetarium / Gecko Wall,2.7,-1,TR,Not Led,Sport,Not Assigned,105.0,Planetarium / Gecko Wall,California
2022-08-22,Bust a Gut,5.10a/b,No Notes,https://www.mountainproject.com/route/118317732/bust-a-gut,1,California > Sierra Eastside > Bishop Area > Pine Creek Canyon > Scheelite Canyon / Pratt's Crack Gully > Planetarium / Gecko Wall,2.7,-1,TR,Not Led,Sport,Not Assigned,80.0,Planetarium / Gecko Wall,California
2022-08-21,Sponge Bob Square Pants,5.10a,No Notes,https://www.mountainproject.com/route/115356890/sponge-bob-square-pants,1,California > Sierra Eastside > Bishop Area > Pine Creek Canyon > Scheelite Canyon / Pratt's Crack Gully > Mini Buttress,2.5,-1,TR,Not Led,Sport,Not Assigned,80.0,Mini Buttress,California
2022-08-21,[Redacted],5.8,No Notes,https://www.mountainproject.com/route/111137775/redacted,1,California > Sierra Eastside > Bishop Area > Pine Creek Canyon > Scheelite Canyon / Pratt's Crack Gully > Mustache Wall,2.4,-1,TR,Not Led,Sport,Not Assigned,83.0,Mustache Wall,California
2022-08-21,Becky Route,5.9+,No Notes,https://www.mountainproject.com/route/106808844/becky-route,1,California > Sierra Eastside > Bishop Area > Pine Creek Canyon > Scheelite Canyon / Pratt's Crack Gully > Mustache Wall,2.9,-1,Not Specified,Not Led,Sport,Not Assigned,100.0,Mustache Wall,California
2022-08-16,Hari-Kiri,5.10a,With some help ,https://www.mountainproject.com/route/106616004/hari-kiri,1,California > Yosemite National Park > Yosemite Valley > Valley South Side > N. Sentinel Creek Area,3.1,-1,Not Specified,Not Led,Trad,Not Assigned,120.0,N. Sentinel Creek Area,California
2022-08-16,After Six,5.7,No Notes,https://www.mountainproject.com/route/105862639/after-six,5,California > Yosemite National Park > Yosemite Valley > Valley North Side > C. El Cap Picnic Area (Eagle Creek) > 5. Manure Pile Buttress (aka Ranger Rock),2.9,-1,TR,Not Led,Trad,Not Assigned,600.0,5. Manure Pile Buttress (aka Ranger Rock),California
2022-08-08,Goldielocks,5.10-,No Notes,https://www.mountainproject.com/route/119752818/goldielocks,1,California > Sierra Eastside > Lee Vining Canyon / Tioga Road > Tioga Cliff Area (aka Private Property) > The Gold Wall,2.9,-1,TR,Not Led,Sport,Not Assigned,100.0,The Gold Wall,California
2022-08-08,Gold Fever,5.10+,No Notes,https://www.mountainproject.com/route/106509866/gold-fever,1,California > Sierra Eastside > Lee Vining Canyon / Tioga Road > Tioga Cliff Area (aka Private Property) > The Gold Wall,3.1,-1,TR,Not Led,Sport,Not Assigned,78.0,The Gold Wall,California
2022-08-08,Warm Up,5.10a,No Notes,https://www.mountainproject.com/route/112136531/warm-up,1,California > Sierra Eastside > Lee Vining Canyon / Tioga Road > Tioga Cliff Area (aka Private Property) > The Gold Wall,2.4,-1,TR,Not Led,Trad,Not Assigned,230.0,The Gold Wall,California
2022-08-06,Shagadelic,5.8,No Notes,https://www.mountainproject.com/route/106222444/shagadelic,4,"California > Yosemite National Park > Tuolumne Meadows > Medlicott Dome > West Face, Center",3.0,-1,Not Specified,Not Led,Trad,Not Assigned,500.0,"West Face, Center",California
2022-07-30,Mockery,5.8,No Notes,https://www.mountainproject.com/route/105974243/mockery,1,California > Yosemite National Park > Yosemite Valley > Lower Merced River Canyon > Au. Five and Dime Cliff,3.2,-1,TR,Not Led,Sport,Not Assigned,70.0,Au. Five and Dime Cliff,California
2022-07-25,Becky Route,5.9+,No Notes,https://www.mountainproject.com/route/106808844/becky-route,1,California > Sierra Eastside > Bishop Area > Pine Creek Canyon > Scheelite Canyon / Pratt's Crack Gully > Mustache Wall,2.9,-1,TR,Not Led,Sport,Not Assigned,100.0,Mustache Wall,California
2022-07-14,Becky Route,5.9+,No Notes,https://www.mountainproject.com/route/106808844/becky-route,1,California > Sierra Eastside > Bishop Area > Pine Creek Canyon > Scheelite Canyon / Pratt's Crack Gully > Mustache Wall,2.9,-1,Lead,Not Led,Sport,Not Assigned,100.0,Mustache Wall,California
2022-07-11,Flamed Variation,5.10b,First pitch only ,https://www.mountainproject.com/route/117939805/flamed-variation,1,California > Sierra Eastside > Bishop Area > Pine Creek Canyon > Scheelite Canyon / Pratt's Crack Gully > Mustache Wall,2.6,-1,TR,Not Led,Sport,Not Assigned,85.0,Mustache Wall,California
2022-07-11,[Redacted],5.8,No Notes,https://www.mountainproject.com/route/111137775/redacted,1,California > Sierra Eastside > Bishop Area > Pine Creek Canyon > Scheelite Canyon / Pratt's Crack Gully > Mustache Wall,2.4,-1,TR,Not Led,Sport,Not Assigned,83.0,Mustache Wall,California
2022-07-11,Blast Furnace,5.9,No Notes,https://www.mountainproject.com/route/109405817/blast-furnace,1,California > Sierra Eastside > Bishop Area > Pine Creek Canyon > Scheelite Canyon / Pratt's Crack Gully > Mustache Wall,2.0,-1,TR,Not Led,Sport,Not Assigned,80.0,Mustache Wall,California
2022-07-04,East Buttress,5.10c A0,"Whipped hard, had to bail. ",https://www.mountainproject.com/route/105915125/east-buttress,11,California > Yosemite National Park > Yosemite Valley > Valley South Side > P. Cathedral Area > 6. Middle Cathedral Rock,3.6,-1,TR,Not Led,"Trad, Aid",Not Assigned,1100.0,6. Middle Cathedral Rock,California
2022-06-29,Swiss Arete,5.7,No Notes,https://www.mountainproject.com/route/105804092/swiss-arete,6,California > High Sierra > 09 - Palisades & Surrounding Peaks > Mt. Sill,3.4,4,Not Specified,Not Led,"Trad, Alpine",Not Assigned,800.0,Mt. Sill,California
2022-06-22,Grab a Handful,5.9,No Notes,https://www.mountainproject.com/route/107193679/grab-a-handful,1,California > Sierra Eastside > Mammoth Lakes Area > Rock Creek > Gong Show Wall,2.2,-1,TR,Not Led,Sport,Not Assigned,50.0,Gong Show Wall,California
2022-06-22,Self-Contained Unit,5.10b,No Notes,https://www.mountainproject.com/route/107193684/self-contained-unit,1,California > Sierra Eastside > Mammoth Lakes Area > Rock Creek > Gong Show Wall,2.8,-1,TR,Not Led,Sport,Not Assigned,70.0,Gong Show Wall,California
2022-05-31,Super Slide,5.9,No Notes,https://www.mountainproject.com/route/105915124/super-slide,5,California > Yosemite National Park > Yosemite Valley > Valley North Side > H. Royal Arches Area > Royal Arches > Western Royal Arches,3.2,-1,Not Specified,Not Led,Trad,Not Assigned,500.0,Western Royal Arches,California
2022-05-30,Munginella,5.6,No Notes,https://www.mountainproject.com/route/105867008/munginella,3,California > Yosemite National Park > Yosemite Valley > Valley North Side > E. Yosemite Falls Area > Five Open Books > First Tier,2.9,-1,Not Specified,Not Led,Trad,Not Assigned,300.0,First Tier,California
2022-05-30,The Nutcracker Suite (aka Nutcracker),5.8,No Notes,https://www.mountainproject.com/route/105833505/the-nutcracker-suite-aka-nutcracker,5,California > Yosemite National Park > Yosemite Valley > Valley North Side > C. El Cap Picnic Area (Eagle Creek) > 5. Manure Pile Buttress (aka Ranger Rock),3.6,-1,Not Specified,Not Led,Trad,Not Assigned,500.0,5. Manure Pile Buttress (aka Ranger Rock),California
2022-05-24,Weak as Piss,V-easy,No Notes,https://www.mountainproject.com/route/107864789/weak-as-piss,1,California > Sierra Eastside > Bishop Area > Volcanic Tablelands (Happy/Sad Boulders) > Happy Boulders > Split Melon Area > Coors Boulder,1.0,-1,Not Specified,Not Led,Boulder,Not Assigned,78.0,Coors Boulder,California
2022-05-10,Love of Jesus,5.10a,No Notes,https://www.mountainproject.com/route/108683009/love-of-jesus,1,California > Sierra Eastside > Bishop Area > Owens River Gorge > Inner Gorge > Supreme Wizard Formation,2.9,-1,TR,Not Led,Sport,Not Assigned,75.0,Supreme Wizard Formation,California
2022-04-30,Fear of the Facial,5.11a,5.8 to first anchors ,https://www.mountainproject.com/route/106409841/fear-of-the-facial,1,California > Sierra Eastside > Bishop Area > Owens River Gorge > Inner Gorge > Monkey to Monk Cliff,3.6,-1,TR,Not Led,Sport,Not Assigned,120.0,Monkey to Monk Cliff,California
2022-04-30,The 5.9d Crack,5.10a,No Notes,https://www.mountainproject.com/route/118154500/the-59d-crack,1,California > Sierra Eastside > Bishop Area > Owens River Gorge > Inner Gorge > Monkey to Monk Cliff,2.6,-1,TR,Not Led,Sport,Not Assigned,80.0,Monkey to Monk Cliff,California
2022-04-30,New Traditionalists,5.10a,No Notes,https://www.mountainproject.com/route/117081193/new-traditionalists,1,California > Sierra Eastside > Bishop Area > Owens River Gorge > Inner Gorge > Monkey to Monk Cliff,2.8,-1,TR,Not Led,Sport,Not Assigned,115.0,Monkey to Monk Cliff,California
2022-04-30,His Spirit,5.9,No Notes,https://www.mountainproject.com/route/113715548/his-spirit,1,California > Sierra Eastside > Bishop Area > Owens River Gorge > Inner Gorge > Supreme Wizard Formation,2.2,-1,TR,Not Led,Sport,Not Assigned,78.0,Supreme Wizard Formation,California
2022-04-30,Drill Sargeant,5.8,No Notes,https://www.mountainproject.com/route/113715574/drill-sargeant,1,California > Sierra Eastside > Bishop Area > Owens River Gorge > Inner Gorge > Supreme Wizard Formation,2.6,-1,TR,Not Led,Sport,Not Assigned,78.0,Supreme Wizard Formation,California
2022-04-23,Hydra Pilferers,V-easy,No Notes,https://www.mountainproject.com/route/106131947/hydra-pilferers,1,"California > Sierra Eastside > Bishop Area > Volcanic Tablelands (Happy/Sad Boulders) > Happy Boulders > Central Happiness Area > More Water, Less Power Boulder",1.6,-1,Flash,Not Led,Boulder,Not Assigned,12.0,"More Water, Less Power Boulder",California
2022-04-10,Friendly Faces Everywhere,5.9,No Notes,https://www.mountainproject.com/route/105909009/friendly-faces-everywhere,1,California > Sierra Eastside > Bishop Area > Pine Creek Canyon > Scheelite Canyon / Pratt's Crack Gully > Armando's Stilletto / Rites of Spring,2.5,-1,TR,Not Led,Trad,Not Assigned,90.0,Armando's Stilletto / Rites of Spring,California
2022-04-10,Tiddlywinks,5.8,No Notes,https://www.mountainproject.com/route/120553207/tiddlywinks,1,California > Sierra Eastside > Bishop Area > Pine Creek Canyon > Scheelite Canyon / Pratt's Crack Gully > Mustache Wall,2.0,-1,TR,Not Led,Sport,Not Assigned,80.0,Mustache Wall,California
2022-04-09,Becky Route,5.9+,No Notes,https://www.mountainproject.com/route/106808844/becky-route,1,California > Sierra Eastside > Bishop Area > Pine Creek Canyon > Scheelite Canyon / Pratt's Crack Gully > Mustache Wall,2.9,-1,TR,Not Led,Sport,Not Assigned,100.0,Mustache Wall,California
2022-04-04,Light Within,5.10c,No Notes,https://www.mountainproject.com/route/105907306/light-within,1,California > Sierra Eastside > Bishop Area > Owens River Gorge > Central Gorge > Pub Wall,3.3,-1,TR,Not Led,Sport,Not Assigned,70.0,Pub Wall,California
2022-04-04,Abitafun,5.9,No Notes,https://www.mountainproject.com/route/105969567/abitafun,1,California > Sierra Eastside > Bishop Area > Owens River Gorge > Central Gorge > Pub Wall,3.0,-1,TR,Not Led,Sport,Not Assigned,105.0,Pub Wall,California
2022-03-08,Unnamed  2,V0-,No Notes,https://www.mountainproject.com/route/107032780/unnamed-2,1,California > Sierra Eastside > Bishop Area > Buttermilk Country > Buttermilks Main > Sunshine Boulder,2.9,-1,Flash,Not Led,Boulder,Not Assigned,18.0,Sunshine Boulder,California
2022-02-27,Babushka,5.8,No falls ,https://www.mountainproject.com/route/105896621/babushka,1,California > Sierra Eastside > Bishop Area > Owens River Gorge > Central Gorge > Warm Up Wall,2.9,-1,TR,Not Led,Sport,Not Assigned,80.0,Warm Up Wall,California
2022-02-26,Child of Light,5.9,No Notes,https://www.mountainproject.com/route/105897046/child-of-light,1,California > Sierra Eastside > Bishop Area > Owens River Gorge > Central Gorge > Great Wall of China,3.0,-1,TR,Not Led,Sport,Not Assigned,90.0,Great Wall of China,California
2022-02-26,String of Pearls,5.8,No falls ,https://www.mountainproject.com/route/109027777/string-of-pearls,1,California > Sierra Eastside > Bishop Area > Owens River Gorge > Central Gorge > Warm Up Wall,2.6,-1,TR,Not Led,Sport,Not Assigned,80.0,Warm Up Wall,California
2022-02-26,Breaking Wind,5.7,No Notes,https://www.mountainproject.com/route/107609133/breaking-wind,1,California > Sierra Eastside > Bishop Area > Owens River Gorge > Central Gorge > Warm Up Wall,2.4,-1,Lead,Redpoint,Sport,Not Assigned,75.0,Warm Up Wall,California
2022-01-31,Boom Chakalaka,5.10a,No Notes,https://www.mountainproject.com/route/120013429/boom-chakalaka,1,California > Sierra Eastside > Bishop Area > Owens River Gorge > Upper Gorge > Holy Trinity,3.4,4,TR,Not Led,Sport,Not Assigned,110.0,Holy Trinity,California
2022-01-31,Nice Jugs,5.9+,No Notes,https://www.mountainproject.com/route/105971528/nice-jugs,1,California > Sierra Eastside > Bishop Area > Owens River Gorge > Upper Gorge > Flavin Haven,3.0,-1,TR,Not Led,Sport,Not Assigned,90.0,Flavin Haven,California
2022-01-22,Rock The Spot,5.10b,No Notes,https://www.mountainproject.com/route/116200418/rock-the-spot,1,California > Sierra Eastside > Bishop Area > Owens River Gorge > Lower Gorge > Diamond Face,2.9,-1,TR,Not Led,Sport,Not Assigned,80.0,Diamond Face,California
2022-01-22,Edge Zeppelin,5.10a,No Notes,https://www.mountainproject.com/route/112528167/edge-zeppelin,1,California > Sierra Eastside > Bishop Area > Owens River Gorge > Lower Gorge > Diamondback Area,2.2,-1,TR,Not Led,Sport,Not Assigned,50.0,Diamondback Area,California
2022-01-22,Finked,5.7,No Notes,https://www.mountainproject.com/route/112528173/finked,1,California > Sierra Eastside > Bishop Area > Owens River Gorge > Lower Gorge > Diamondback Area,2.8,-1,TR,Not Led,Sport,Not Assigned,80.0,Diamondback Area,California
2022-01-22,Keeps Me Out of Rusty's (KMOOR),5.9,No Notes,https://www.mountainproject.com/route/112529488/keeps-me-out-of-rustys-kmoor,2,California > Sierra Eastside > Bishop Area > Owens River Gorge > Lower Gorge > Diamond Face,2.8,-1,TR,Not Led,Sport,Not Assigned,115.0,Diamond Face,California
2022-01-20,Strange Quotations,V0+,No Notes,https://www.mountainproject.com/route/106999123/strange-quotations,1,California > Sierra Eastside > Bishop Area > Volcanic Tablelands (Happy/Sad Boulders) > Happy Boulders > Tom Peter's Slab Area > Strange Boulder,2.7,-1,Send,Not Led,Boulder,Not Assigned,78.0,Strange Boulder,California
2022-01-08,Chukars Gonna Chuk,5.9,No Notes,https://www.mountainproject.com/route/118141284/chukars-gonna-chuk,1,California > Sierra Eastside > Bishop Area > Owens River Gorge > Lower Gorge > Diamondback Area,1.8,-1,TR,Not Led,Sport,Not Assigned,60.0,Diamondback Area,California
2022-01-08,Chewy the Beaver,5.8+,No Notes,https://www.mountainproject.com/route/112528187/chewy-the-beaver,1,California > Sierra Eastside > Bishop Area > Owens River Gorge > Lower Gorge > Diamondback Area,2.5,-1,TR,Not Led,Sport,Not Assigned,105.0,Diamondback Area,California
2021-12-17,The Woodsman,5.9,No Notes,https://www.mountainproject.com/route/120094953/the-woodsman,2,Nevada > Southern Nevada > Red Rocks > 01-Calico Basin > Riding Hood Wall,2.8,-1,TR,Not Led,Sport,Not Assigned,220.0,Riding Hood Wall,Nevada
2021-12-17,Plumbers Crack (North side chimney),5.8 V0 R,No Notes,https://www.mountainproject.com/route/106617793/plumbers-crack-north-side-chimney,1,Nevada > Southern Nevada > Red Rock Boulders > 01-Calico Basin Boulders > Kraft Boulders > 03-Main Area > Plumber's Crack,3.7,-1,Send,Not Led,Boulder,Not Assigned,25.0,Plumber's Crack,Nevada
2021-12-11,String of Pearls,5.8,No Notes,https://www.mountainproject.com/route/109027777/string-of-pearls,1,California > Sierra Eastside > Bishop Area > Owens River Gorge > Central Gorge > Warm Up Wall,2.6,-1,TR,Not Led,Sport,Not Assigned,80.0,Warm Up Wall,California
2021-12-11,Heart of the Sun,5.9,No Notes,https://www.mountainproject.com/route/105897050/heart-of-the-sun,1,California > Sierra Eastside > Bishop Area > Owens River Gorge > Central Gorge > Great Wall of China,3.1,-1,TR,Not Led,Sport,Not Assigned,90.0,Great Wall of China,California
2021-12-11,Babushka,5.8,No Notes,https://www.mountainproject.com/route/105896621/babushka,1,California > Sierra Eastside > Bishop Area > Owens River Gorge > Central Gorge > Warm Up Wall,2.9,-1,TR,Not Led,Sport,Not Assigned,80.0,Warm Up Wall,California
2021-11-27,Shark's Fin Arete,5.7,No Notes,https://www.mountainproject.com/route/105876832/sharks-fin-arete,1,California > Sierra Eastside > Lone Pine Area > Alabama Hills > Alabama Hills North > The Shark's Fin,2.6,-1,Lead,Not Led,Sport,Not Assigned,78.0,The Shark's Fin,California
2021-11-27,Candy Man,5.7,No Notes,https://www.mountainproject.com/route/111875228/candy-man,1,California > Sierra Eastside > Lone Pine Area > Alabama Hills > Alabama Hills South > The Candy Store > Rock Candy Tower,1.8,-1,Lead,Not Led,Sport,Not Assigned,50.0,Rock Candy Tower,California
2021-11-08,China Doll,5.9-,No Notes,https://www.mountainproject.com/route/105957366/china-doll,1,California > Sierra Eastside > Bishop Area > Owens River Gorge > Central Gorge > Great Wall of China,2.3,-1,TR,Not Led,Sport,Not Assigned,100.0,Great Wall of China,California
2021-11-08,Wall Flower,5.9,No Notes,https://www.mountainproject.com/route/108613217/wall-flower,1,California > Sierra Eastside > Bishop Area > Owens River Gorge > Central Gorge > Warm Up Wall,2.6,-1,TR,Not Led,Sport,Not Assigned,78.0,Warm Up Wall,California
2021-11-08,Welcome to the Gorge,5.9,No Notes,https://www.mountainproject.com/route/105891392/welcome-to-the-gorge,1,California > Sierra Eastside > Bishop Area > Owens River Gorge > Central Gorge > Warm Up Wall,2.6,-1,TR,Not Led,Sport,Not Assigned,78.0,Warm Up Wall,California
2021-11-08,Yellow Peril,5.10c,No Notes,https://www.mountainproject.com/route/105897524/yellow-peril,1,California > Sierra Eastside > Bishop Area > Owens River Gorge > Central Gorge > Great Wall of China,3.4,-1,TR,Not Led,Sport,Not Assigned,105.0,Great Wall of China,California
2021-11-05,Wedge-O,5.10b,No Notes,https://www.mountainproject.com/route/105896614/wedge-o,1,California > Sierra Eastside > Bishop Area > Owens River Gorge > Central Gorge > Banana Belt,2.9,-1,TR,Not Led,Sport,Not Assigned,90.0,Banana Belt,California
2021-11-05,Nothern Lite,5.7,No Notes,https://www.mountainproject.com/route/105892872/nothern-lite,1,California > Sierra Eastside > Bishop Area > Owens River Gorge > Central Gorge > Banana Belt,2.5,-1,TR,Not Led,Sport,Not Assigned,80.0,Banana Belt,California
2021-11-05,"wandering, but not lost",5.7,No Notes,https://www.mountainproject.com/route/114117015/wandering-but-not-lost,1,California > Sierra Eastside > Bishop Area > Owens River Gorge > Central Gorge > Banana Belt,2.4,-1,TR,Not Led,Sport,Not Assigned,100.0,Banana Belt,California
2021-10-31,Babushka,5.8,No Notes,https://www.mountainproject.com/route/105896621/babushka,1,California > Sierra Eastside > Bishop Area > Owens River Gorge > Central Gorge > Warm Up Wall,2.9,-1,TR,Not Led,Sport,Not Assigned,80.0,Warm Up Wall,California
2021-10-31,High Seas,5.7,No Notes,https://www.mountainproject.com/route/105897513/high-seas,1,California > Sierra Eastside > Bishop Area > Owens River Gorge > Central Gorge > Warm Up Wall,2.4,-1,Lead,Not Led,Sport,Not Assigned,75.0,Warm Up Wall,California
2021-10-31,Breaking Wind,5.7,No Notes,https://www.mountainproject.com/route/107609133/breaking-wind,1,California > Sierra Eastside > Bishop Area > Owens River Gorge > Central Gorge > Warm Up Wall,2.4,-1,Lead,Flash,Sport,Not Assigned,75.0,Warm Up Wall,California
2021-10-31,Clip Jr.,5.6,No Notes,https://www.mountainproject.com/route/105891401/clip-jr,1,California > Sierra Eastside > Bishop Area > Owens River Gorge > Central Gorge > Warm Up Wall,2.2,-1,Lead,Not Led,Sport,Not Assigned,78.0,Warm Up Wall,California
2021-10-23,It's the Gaaazzz,5.8,No Notes,https://www.mountainproject.com/route/105907286/its-the-gaaazzz,1,California > Sierra Eastside > Bishop Area > Owens River Gorge > Upper Gorge > Triple Play Cliff,2.1,-1,TR,Not Led,Sport,Not Assigned,60.0,Triple Play Cliff,California
2021-10-23,[Redacted],5.10a,No Notes,https://www.mountainproject.com/route/106142383/redacted,1,California > Sierra Eastside > Bishop Area > Owens River Gorge > Upper Gorge > Triple Play Cliff,3.0,-1,TR,Not Led,Sport,Not Assigned,50.0,Triple Play Cliff,California
2021-10-23,Cat in the Hat,5.8,No Notes,https://www.mountainproject.com/route/106142374/cat-in-the-hat,1,California > Sierra Eastside > Bishop Area > Owens River Gorge > Upper Gorge > Triple Play Cliff,2.3,-1,TR,Not Led,Sport,Not Assigned,50.0,Triple Play Cliff,California
2021-10-23,Badassitude,5.8,No Notes,https://www.mountainproject.com/route/109006293/badassitude,1,California > Sierra Eastside > Bishop Area > Owens River Gorge > Upper Gorge > Triple Play Cliff,3.1,-1,TR,Not Led,Sport,Not Assigned,100.0,Triple Play Cliff,California
2021-08-19,Closed For Lunch,5.9,No Notes,https://www.mountainproject.com/route/108439727/closed-for-lunch,1,California > Lake Tahoe > I-80 Corridor > Bowman/Emeralds > The Emeralds > The Benches > The Dollar Store,2.7,-1,TR,Not Led,Sport,Not Assigned,60.0,The Dollar Store,California
2021-08-19,Push To Open,5.10a,No Notes,https://www.mountainproject.com/route/108284980/push-to-open,1,California > Lake Tahoe > I-80 Corridor > Bowman/Emeralds > The Emeralds > The Benches > The Dollar Store,2.9,4,TR,Not Led,Sport,Not Assigned,60.0,The Dollar Store,California
2021-08-19,Price Check,5.8,No Notes,https://www.mountainproject.com/route/108286379/price-check,1,California > Lake Tahoe > I-80 Corridor > Bowman/Emeralds > The Emeralds > The Benches > The Dollar Store,2.3,-1,TR,Not Led,Sport,Not Assigned,60.0,The Dollar Store,California
2021-08-19,Bushmaster,5.7+,No Notes,https://www.mountainproject.com/route/108286389/bushmaster,1,California > Lake Tahoe > I-80 Corridor > Bowman/Emeralds > The Emeralds > The Benches > The Dollar Store,2.4,-1,TR,Not Led,Sport,Not Assigned,60.0,The Dollar Store,California
2021-07-19,Senior Citizens in Space,5.7+,No Notes,https://www.mountainproject.com/route/106057429/senior-citizens-in-space,1,Washington > Central-West Cascades & Seattle > Skykomish Valley > Index > Lookout Point Area > Private Idaho,3.7,4,TR,Not Led,"Trad, TR",Not Assigned,100.0,Private Idaho,Washington
2021-07-19,Wild Turkey,5.7,No Notes,https://www.mountainproject.com/route/111859955/wild-turkey,1,Washington > Central-West Cascades & Seattle > Skykomish Valley > Index > Lookout Point Area > Private Idaho,3.0,-1,TR,Not Led,"Trad, TR",Not Assigned,78.0,Private Idaho,Washington
2021-07-19,Hag Crack,5.6,No Notes,https://www.mountainproject.com/route/109395698/hag-crack,1,Washington > Central-West Cascades & Seattle > Skykomish Valley > Index > Lookout Point Area > Hag Crag,2.3,-1,TR,Not Led,"Trad, TR",Not Assigned,80.0,Hag Crag,Washington
2021-07-13,Mourning Star,5.8,No Notes,https://www.mountainproject.com/route/107690583/mourning-star,1,Washington > Central-West Cascades & Seattle > Skykomish Valley > Index > The Country Area > (c) The Country,2.3,-1,TR,Not Led,Trad,Not Assigned,78.0,(c) The Country,Washington
2021-07-09,Behind the Tombstone,5.9,No Notes,https://www.mountainproject.com/route/117064979/behind-the-tombstone,1,Washington > Central-West Cascades & Seattle > Skykomish Valley > Index > Lower Lump Area > (a) Beetle Bailey Slab,2.6,-1,TR,Not Led,Sport,Not Assigned,50.0,(a) Beetle Bailey Slab,Washington
2021-07-09,Argentinosaurus,5.10c,No Notes,https://www.mountainproject.com/route/119443173/argentinosaurus,1,Washington > Central-West Cascades & Seattle > Skykomish Valley > Index > Lower Lump Area > (a) Beetle Bailey Slab,3.8,-1,TR,Not Led,Sport,Not Assigned,125.0,(a) Beetle Bailey Slab,Washington
2021-07-09,Smilodon Fatalis,5.8+,No Notes,https://www.mountainproject.com/route/119198566/smilodon-fatalis,1,Washington > Central-West Cascades & Seattle > Skykomish Valley > Index > Lower Lump Area > (a) Beetle Bailey Slab,3.0,-1,TR,Not Led,Sport,Not Assigned,70.0,(a) Beetle Bailey Slab,Washington
2021-07-08,Index Archeology,5.8+,No Notes,https://www.mountainproject.com/route/117065066/index-archeology,1,Washington > Central-West Cascades & Seattle > Skykomish Valley > Index > Lower Lump Area > (a) Beetle Bailey Slab,2.3,-1,Solo,Not Led,Trad,Not Assigned,60.0,(a) Beetle Bailey Slab,Washington
2021-07-08,Flying Salamanders (Short),5.7,No Notes,https://www.mountainproject.com/route/117824423/flying-salamanders-short,1,Washington > Central-West Cascades & Seattle > Skykomish Valley > Index > Lower Lump Area > (a) Beetle Bailey Slab,2.7,-1,TR,Not Led,Sport,Not Assigned,55.0,(a) Beetle Bailey Slab,Washington
2021-06-19,Mrs. Field's Follies,5.8,No Notes,https://www.mountainproject.com/route/106138609/mrs-fields-follies,1,West Virginia > The New River Gorge Region > New River Gorge Proper > Bubba City > 01. Sandstonia,3.4,-1,TR,Not Led,Sport,Not Assigned,95.0,01. Sandstonia,West Virginia
2021-06-19,Geisha Girl,5.8,No Notes,https://www.mountainproject.com/route/106138127/geisha-girl,1,West Virginia > The New River Gorge Region > New River Gorge Proper > Bubba City > 01. Sandstonia,3.1,-1,TR,Not Led,Sport,Not Assigned,95.0,01. Sandstonia,West Virginia
2021-06-15,Mrs. Field's Follies,5.8,Couldn’t pull over roof :( ,https://www.mountainproject.com/route/106138609/mrs-fields-follies,1,West Virginia > The New River Gorge Region > New River Gorge Proper > Bubba City > 01. Sandstonia,3.4,-1,Lead,Fell/Hung,Sport,Not Assigned,95.0,01. Sandstonia,West Virginia
2021-06-15,Fool Effect,5.9,No Notes,https://www.mountainproject.com/route/106046063/fool-effect,1,West Virginia > The New River Gorge Region > New River Gorge Proper > Endless Wall > E) Kaymoor Slabs,3.2,-1,TR,Not Led,Sport,Not Assigned,120.0,E) Kaymoor Slabs,West Virginia
2021-06-15,The Upheaval,5.9,No Notes,https://www.mountainproject.com/route/105963143/the-upheaval,1,West Virginia > The New River Gorge Region > New River Gorge Proper > Endless Wall > E) Kaymoor Slabs,3.0,-1,TR,Not Led,Sport,Not Assigned,85.0,E) Kaymoor Slabs,West Virginia
2021-06-15,With a Little Help from My Friends,5.10a,No Notes,https://www.mountainproject.com/route/106046077/with-a-little-help-from-my-friends,1,West Virginia > The New River Gorge Region > New River Gorge Proper > Endless Wall > E) Kaymoor Slabs,2.7,-1,TR,Not Led,Sport,Not Assigned,80.0,E) Kaymoor Slabs,West Virginia
2021-06-15,Totally-Clipse,5.8,No Notes,https://www.mountainproject.com/route/105963388/totally-clipse,1,West Virginia > The New River Gorge Region > New River Gorge Proper > Endless Wall > E) Kaymoor Slabs,2.3,-1,Lead,Onsight,Sport,Not Assigned,75.0,E) Kaymoor Slabs,West Virginia
2021-06-06,Flight of the Gumby,5.9+,No Notes,https://www.mountainproject.com/route/105944377/flight-of-the-gumby,1,West Virginia > The New River Gorge Region > New River Gorge Proper > Kaymoor > 6. Butcher's Branch,3.5,4,TR,Not Led,Sport,Not Assigned,80.0,6. Butcher's Branch,West Virginia
2021-06-06,Rico Suave,5.10a,No Notes,https://www.mountainproject.com/route/105963848/rico-suave,1,West Virginia > The New River Gorge Region > New River Gorge Proper > Kaymoor > 3. Rico Suave Buttress,3.5,-1,TR,Not Led,Sport,Not Assigned,70.0,3. Rico Suave Buttress,West Virginia
2021-06-06,Springer,5.10b,No falls,https://www.mountainproject.com/route/105966922/springer,1,West Virginia > The New River Gorge Region > New River Gorge Proper > Kaymoor > 6. Butcher's Branch,2.6,4,TR,Not Led,Sport,Not Assigned,75.0,6. Butcher's Branch,West Virginia
2021-06-05,Hippie Dreams,5.7,No Notes,https://www.mountainproject.com/route/105992273/hippie-dreams,1,West Virginia > The New River Gorge Region > Summersville (Gauley River) Area > Summersville Lake (main) > Orange Oswald Wall,2.9,-1,TR,Not Led,Sport,Not Assigned,75.0,Orange Oswald Wall,West Virginia
2021-06-05,The Hell With That,5.9,No Notes,https://www.mountainproject.com/route/106942184/the-hell-with-that,1,West Virginia > The New River Gorge Region > Summersville (Gauley River) Area > Summersville Lake (main) > Orange Oswald Wall,2.8,-1,TR,Not Led,Trad,Not Assigned,78.0,Orange Oswald Wall,West Virginia
2021-06-05,Sniff the Drill,5.8,No Notes,https://www.mountainproject.com/route/106139168/sniff-the-drill,1,West Virginia > The New River Gorge Region > Summersville (Gauley River) Area > Summersville Lake (main) > Narcissus Cave,2.4,-1,TR,Not Led,Sport,Not Assigned,45.0,Narcissus Cave,West Virginia
2021-05-31,Fantasy,5.8,No Notes,https://www.mountainproject.com/route/106155521/fantasy,2,West Virginia > The New River Gorge Region > New River Gorge Proper > Endless Wall > M) Fantasy Area,3.5,4,TR,Not Led,Trad,Not Assigned,120.0,M) Fantasy Area,West Virginia
2021-05-29,Frog Hunt,5.10b,No Notes,https://www.mountainproject.com/route/112305851/frog-hunt,1,West Virginia > The New River Gorge Region > Meadow River Gorge > Upper Meadow > 3. Second Buttress,2.5,-1,TR,Not Led,Sport,Not Assigned,60.0,3. Second Buttress,West Virginia
2021-05-27,Ferrovieri,5.7,No Notes,https://www.mountainproject.com/route/113785114/ferrovieri,1,West Virginia > The New River Gorge Region > Meadow River Gorge > Upper Meadow > 3. Second Buttress,3.6,4,TR,Not Led,Sport,Not Assigned,100.0,3. Second Buttress,West Virginia
2021-05-26,Bobby D's Bunny,5.6,Clean,https://www.mountainproject.com/route/106138121/bobby-ds-bunny,1,West Virginia > The New River Gorge Region > New River Gorge Proper > Bubba City > 01. Sandstonia,2.2,-1,TR,Not Led,Sport,Not Assigned,70.0,01. Sandstonia,West Virginia
2021-05-26,5.5 My Ass,5.6,Clean,https://www.mountainproject.com/route/105856063/55-my-ass,1,West Virginia > The New River Gorge Region > New River Gorge Proper > Bubba City > 01. Sandstonia,1.9,-1,TR,Not Led,Sport,Not Assigned,50.0,01. Sandstonia,West Virginia
2021-05-24,Flight of the Gumby,5.9+,Incredible!! No falls ,https://www.mountainproject.com/route/105944377/flight-of-the-gumby,1,West Virginia > The New River Gorge Region > New River Gorge Proper > Kaymoor > 6. Butcher's Branch,3.5,4,TR,Not Led,Sport,Not Assigned,80.0,6. Butcher's Branch,West Virginia
2021-05-23,Creature Feature,5.9,"Fell on roof, hardest move I’ve done yet! ",https://www.mountainproject.com/route/105889536/creature-feature,1,Kentucky > Red River Gorge > Northern Gorge > Phantasia,3.2,4,TR,Not Led,Sport,Not Assigned,70.0,Phantasia,Kentucky
2021-05-21,EGBG,5.10a,"Some assisted moves, fell",https://www.mountainproject.com/route/108766319/egbg,1,Kentucky > Red River Gorge > Bald Rock Recreational Preserve (BRRP) > Chocolate Factory,3.6,-1,Solo,Not Led,Sport,Not Assigned,90.0,Chocolate Factory,Kentucky
2021-05-21,Wonkaholic,5.10a, Bottom boink ,https://www.mountainproject.com/route/107379163/wonkaholic,1,Kentucky > Red River Gorge > Bald Rock Recreational Preserve (BRRP) > Chocolate Factory,2.7,-1,TR,Not Led,Sport,Not Assigned,50.0,Chocolate Factory,Kentucky
2021-04-18,Deuces Wild,5.10a,No Notes,https://www.mountainproject.com/route/105748292/deuces-wild,1,Colorado > Golden > Clear Creek Canyon > High Wire Crag,2.4,-1,TR,Not Led,Sport,Not Assigned,145.0,High Wire Crag,Colorado
2021-04-18,Poker Face,5.8+,No Notes,https://www.mountainproject.com/route/105752698/poker-face,1,Colorado > Golden > Clear Creek Canyon > High Wire Crag,2.2,-1,TR,Not Led,"Sport, TR",Not Assigned,78.0,High Wire Crag,Colorado
2021-04-18,Pony Up,5.8,No Notes,https://www.mountainproject.com/route/105748262/pony-up,1,Colorado > Golden > Clear Creek Canyon > High Wire Crag,2.1,-1,TR,Not Led,Sport,Not Assigned,78.0,High Wire Crag,Colorado
2021-04-18,Everything Rhymes with Orange,5.9,No Notes,https://www.mountainproject.com/route/112535700/everything-rhymes-with-orange,1,Colorado > Golden > Clear Creek Canyon > High Wire Crag,2.6,-1,TR,Not Led,Sport,Not Assigned,85.0,High Wire Crag,Colorado
2021-03-04,Plumbers Crack (North side chimney),5.8 V0 R,No Notes,https://www.mountainproject.com/route/106617793/plumbers-crack-north-side-chimney,1,Nevada > Southern Nevada > Red Rock Boulders > 01-Calico Basin Boulders > Kraft Boulders > 03-Main Area > Plumber's Crack,3.7,-1,TR,Not Led,Boulder,Not Assigned,25.0,Plumber's Crack,Nevada
2021-03-02,Plumber's Crack,5.9 V2 R,No Notes,https://www.mountainproject.com/route/107185645/plumbers-crack,1,Nevada > Southern Nevada > Red Rock Boulders > 01-Calico Basin Boulders > Kraft Boulders > 03-Main Area > Plumber's Crack,3.6,-1,Not Specified,Not Led,Boulder,Not Assigned,40.0,Plumber's Crack,Nevada
2021-03-02,Armatron,5.9-,No Notes,https://www.mountainproject.com/route/105809181/armatron,6,Nevada > Southern Nevada > Red Rocks > 11-Juniper Canyon > Brownstone Wall,3.5,-1,TR,Not Led,Trad,Not Assigned,680.0,Brownstone Wall,Nevada
2021-02-28,Silk Panties,5.7,No Notes,https://www.mountainproject.com/route/105732614/silk-panties,1,Nevada > Southern Nevada > Red Rocks > 03-First Pullout (Calico I) > Panty Wall,2.1,-1,Lead,Flash,Sport,Not Assigned,60.0,Panty Wall,Nevada
2021-02-28,The Last Panty,5.7,No Notes,https://www.mountainproject.com/route/106931187/the-last-panty,1,Nevada > Southern Nevada > Red Rocks > 03-First Pullout (Calico I) > Panty Wall,2.1,-1,Lead,Flash,Sport,Not Assigned,45.0,Panty Wall,Nevada
2021-02-26,Schaeffer's Delight,5.7+,No falls ,https://www.mountainproject.com/route/105732497/schaeffers-delight,3,Nevada > Southern Nevada > Red Rocks > 16-Black Velvet Canyon > Whiskey Peak > Whiskey Peak - East,2.5,-1,Follow,Not Led,Trad,Not Assigned,400.0,Whiskey Peak - East,Nevada
2020-12-05,Death of Yuppies,5.10c,"Fell, aided once ",https://www.mountainproject.com/route/114195083/death-of-yuppies,1,Colorado > Golden > Clear Creek Canyon > Death Valley,2.5,-1,TR,Not Led,Sport,Not Assigned,60.0,Death Valley,Colorado
2020-12-05,Walking on the Moon,5.7,No Notes,https://www.mountainproject.com/route/117766000/walking-on-the-moon,1,Colorado > Golden > Clear Creek Canyon > Death Valley,1.9,-1,Lead,Flash,Sport,Not Assigned,70.0,Death Valley,Colorado
2020-12-05,Reeper's BanDana,5.8,No Notes,https://www.mountainproject.com/route/114038504/reepers-bandana,1,Colorado > Golden > Clear Creek Canyon > Death Valley,2.1,-1,Lead,Onsight,Sport,Not Assigned,50.0,Death Valley,Colorado
2020-11-28,Slabulous,5.6,Just pitch 1,https://www.mountainproject.com/route/112194083/slabulous,1,Colorado > South Platte > Devil's Head > Devil's Gate Sector > Slabulous,2.6,-1,Lead,Onsight,Sport,Not Assigned,165.0,Slabulous,Colorado
2020-11-27,Unnamed,5.9,3 takes,https://www.mountainproject.com/route/105717418/unnamed,1,Utah > Southeast Utah > Indian Creek > Supercrack Buttress,2.4,3,TR,Not Led,Trad,Not Assigned,78.0,Supercrack Buttress,Utah
2020-11-26,Twin Cracks,5.8+,1 take,https://www.mountainproject.com/route/105717445/twin-cracks,1,Utah > Southeast Utah > Indian Creek > Supercrack Buttress,2.5,-1,TR,Not Led,Trad,Not Assigned,40.0,Supercrack Buttress,Utah
2020-11-23,24 Unknown,5.9+,Few falls,https://www.mountainproject.com/route/105943130/24-unknown,1,Utah > Southeast Utah > Indian Creek > Supercrack Buttress,1.9,-1,TR,Not Led,Trad,Not Assigned,40.0,Supercrack Buttress,Utah
2020-11-22,Unknown,5.9,Few falls,https://www.mountainproject.com/route/105717325/unknown,1,Utah > Southeast Utah > Indian Creek > Donnelly Canyon,1.8,-1,TR,Not Led,Trad,Not Assigned,78.0,Donnelly Canyon,Utah
2020-11-07,Wimpy's Burger Stand,5.6,No Notes,https://www.mountainproject.com/route/112194080/wimpys-burger-stand,1,Colorado > South Platte > Devil's Head > Devil's Gate Sector > Slabulous,2.1,-1,Lead,Onsight,Sport,Not Assigned,95.0,Slabulous,Colorado
2020-11-07,Slip Slabbin' Away,5.9,Clean tr,https://www.mountainproject.com/route/112194066/slip-slabbin-away,1,Colorado > South Platte > Devil's Head > Devil's Gate Sector > Slabulous,2.5,-1,TR,Not Led,Sport,Not Assigned,75.0,Slabulous,Colorado
2020-11-07,Eye of the Liger,5.10a,Got bounced past crux,https://www.mountainproject.com/route/112194061/eye-of-the-liger,1,Colorado > South Platte > Devil's Head > Devil's Gate Sector > Slabulous,1.9,-1,TR,Not Led,Sport,Not Assigned,75.0,Slabulous,Colorado
2020-10-24,Bur-Har-Bur,5.9,Some falls,https://www.mountainproject.com/route/106979234/bur-har-bur,1,Colorado > Canon City > Shelf Road > Cactus Cliff > B. Cactus Cliff Left (Muscle Beach & right),1.5,-1,TR,Not Led,Sport,Not Assigned,50.0,B. Cactus Cliff Left (Muscle Beach & right),Colorado
2020-10-24,Sweet Sam,5.8+,No Notes,https://www.mountainproject.com/route/109984857/sweet-sam,1,Colorado > Canon City > Shelf Road > Cactus Cliff > B. Cactus Cliff Left (Muscle Beach & right),1.9,-1,Not Specified,Not Led,Sport,Not Assigned,75.0,B. Cactus Cliff Left (Muscle Beach & right),Colorado
2020-10-24,Turkey's Bleak,5.10a,Some falls,https://www.mountainproject.com/route/106164016/turkeys-bleak,1,Colorado > Canon City > Shelf Road > Cactus Cliff > B. Cactus Cliff Left (Muscle Beach & right),2.2,-1,TR,Not Led,Sport,Not Assigned,70.0,B. Cactus Cliff Left (Muscle Beach & right),Colorado
2020-10-24,Southern Belle,5.8,No Notes,https://www.mountainproject.com/route/109984845/southern-belle,1,Colorado > Canon City > Shelf Road > Cactus Cliff > B. Cactus Cliff Left (Muscle Beach & right),2.4,-1,TR,Not Led,Sport,Not Assigned,75.0,B. Cactus Cliff Left (Muscle Beach & right),Colorado
2020-09-19,Just One More,5.8,No Notes,https://www.mountainproject.com/route/114955896/just-one-more,1,Colorado > South Platte > Devil's Head > Recovery Wall,1.6,1,Not Specified,Not Led,Sport,Not Assigned,80.0,Recovery Wall,Colorado
2020-09-19,When It All Comes Crashing Down,5.9-,Just p1,https://www.mountainproject.com/route/114956407/when-it-all-comes-crashing-down,1,Colorado > South Platte > Devil's Head > Recovery Wall,2.5,-1,TR,Not Led,Sport,Not Assigned,150.0,Recovery Wall,Colorado
2020-09-19,Procrastinator,5.10b,Some falls,https://www.mountainproject.com/route/112159643/procrastinator,1,Colorado > South Platte > Devil's Head > Recovery Wall,3.7,4,TR,Not Led,Sport,Not Assigned,80.0,Recovery Wall,Colorado
2020-09-15,Aphrodite,5.9+,Clean tr,https://www.mountainproject.com/route/105872827/aphrodite,1,Colorado > Colorado Springs > Red Rock Canyon Open Space > The Whale,2.6,-1,TR,Not Led,Sport,Not Assigned,90.0,The Whale,Colorado
2020-09-07,Thermal Breakdown,5.9+,No Notes,https://www.mountainproject.com/route/105849180/thermal-breakdown,1,Nevada > Southern Nevada > Red Rocks > 04-Second Pullout (Calico II) > The Black Corridor > Upper Level > Upper Level - Left,2.1,-1,TR,Not Led,Sport,Not Assigned,50.0,Upper Level - Left,Nevada
2020-09-07,Unknown 5.9 (AKA L2),5.9,Clean no falls ,https://www.mountainproject.com/route/106755212/unknown-59-aka-l2,1,Nevada > Southern Nevada > Red Rocks > 04-Second Pullout (Calico II) > The Black Corridor > Lower Level > Lower Level - Left,2.2,-1,TR,Not Led,Sport,Not Assigned,50.0,Lower Level - Left,Nevada
2020-09-07,The CEL,5.9,No Notes,https://www.mountainproject.com/route/105826083/the-cel,1,Nevada > Southern Nevada > Red Rocks > 04-Second Pullout (Calico II) > The Black Corridor > Lower Level > Lower Level - Left,2.1,-1,TR,Not Led,Sport,Not Assigned,80.0,Lower Level - Left,Nevada
2020-09-05,Dark Shadows,5.8,Clean,https://www.mountainproject.com/route/105732380/dark-shadows,4,Nevada > Southern Nevada > Red Rocks > 10-Pine Creek Canyon > Mescalito > Dark Shadows Wall,3.6,4,Follow,Not Led,Trad,Not Assigned,350.0,Dark Shadows Wall,Nevada
2020-09-04,757 2x4,5.7,No Notes,https://www.mountainproject.com/route/105826075/757-2x4,1,Nevada > Southern Nevada > Red Rocks > 04-Second Pullout (Calico II) > The Black Corridor > Upper Level > Upper Level - Right,2.3,-1,Follow,Not Led,Sport,Not Assigned,75.0,Upper Level - Right,Nevada
2020-09-04,Vagabonds,5.10a,No Notes,https://www.mountainproject.com/route/105733016/vagabonds,1,Nevada > Southern Nevada > Red Rocks > 04-Second Pullout (Calico II) > The Black Corridor > Lower Level > Lower Level - Left,2.7,-1,Follow,Not Led,Sport,Not Assigned,70.0,Lower Level - Left,Nevada
2020-09-04,Bon Ez,5.9+,No Notes,https://www.mountainproject.com/route/105732512/bon-ez,1,Nevada > Southern Nevada > Red Rocks > 04-Second Pullout (Calico II) > The Black Corridor > Lower Level > Lower Level - Left,2.3,-1,Follow,Not Led,Sport,Not Assigned,80.0,Lower Level - Left,Nevada
2020-09-04,Bonaire,5.9,No Notes,https://www.mountainproject.com/route/105732515/bonaire,1,Nevada > Southern Nevada > Red Rocks > 04-Second Pullout (Calico II) > The Black Corridor > Lower Level > Lower Level - Left,2.4,-1,Follow,Not Led,Sport,Not Assigned,80.0,Lower Level - Left,Nevada
2020-09-04,Unknown 5.9 (AKA L3),5.9+ PG13,No Notes,https://www.mountainproject.com/route/106876316/unknown-59-aka-l3,1,Nevada > Southern Nevada > Red Rocks > 04-Second Pullout (Calico II) > The Black Corridor > Lower Level > Lower Level - Left,2.1,-1,Follow,Not Led,Sport,Not Assigned,60.0,Lower Level - Left,Nevada
2020-09-03,Byzantium,5.10b,No Notes,https://www.mountainproject.com/route/106686416/byzantium,1,Nevada > Southern Nevada > Red Rocks > 03-First Pullout (Calico I) > Civilization Crag,2.4,-1,Follow,Not Led,Sport,Not Assigned,45.0,Civilization Crag,Nevada
2020-09-03,Babylon 5.8,5.8,No Notes,https://www.mountainproject.com/route/106757206/babylon-58,1,Nevada > Southern Nevada > Red Rocks > 03-First Pullout (Calico I) > Civilization Crag,1.9,-1,Follow,Not Led,Sport,Not Assigned,40.0,Civilization Crag,Nevada
2020-09-03,This is Sparta,5.9,No Notes,https://www.mountainproject.com/route/106757203/this-is-sparta,1,Nevada > Southern Nevada > Red Rocks > 03-First Pullout (Calico I) > Civilization Crag,2.0,-1,Follow,Not Led,Sport,Not Assigned,60.0,Civilization Crag,Nevada
2020-09-03,Manifest Destiny,5.9+,No Notes,https://www.mountainproject.com/route/106718688/manifest-destiny,1,Nevada > Southern Nevada > Red Rocks > 03-First Pullout (Calico I) > Civilization Crag,3.0,-1,Follow,Not Led,Sport,Not Assigned,70.0,Civilization Crag,Nevada
2020-09-03,The Fall of Rome,5.10b,Tough,https://www.mountainproject.com/route/106718692/the-fall-of-rome,1,Nevada > Southern Nevada > Red Rocks > 03-First Pullout (Calico I) > Civilization Crag,2.6,-1,Follow,Not Led,Sport,Not Assigned,70.0,Civilization Crag,Nevada
2020-08-29,Freeway,5.0,No Notes,https://www.mountainproject.com/route/105752023/freeway,6,Colorado > Boulder > Flatirons > North > Second Flatiron,3.3,-1,Solo,Not Led,Trad,Not Assigned,600.0,Second Flatiron,Colorado
2020-08-14,Verschneidung Dihedral,5.7,No Notes,https://www.mountainproject.com/route/105748936/verschneidung-dihedral,2,Colorado > Boulder > Eldorado Canyon State Park > The West Ridge > West Ridge - part A - Verschneidung to base,2.9,-1,Follow,Not Led,Trad,Not Assigned,200.0,West Ridge - part A - Verschneidung to base,Colorado
2020-08-10,Honky Jam Ass Crack,5.7,No Notes,https://www.mountainproject.com/route/105750361/honky-jam-ass-crack,1,Colorado > South Platte > Turkey Rocks > Turkey Perch,2.8,-1,TR,Not Led,"Trad, TR",Not Assigned,78.0,Turkey Perch,Colorado
2020-08-10,Reefer Madness,5.8,No Notes,https://www.mountainproject.com/route/105748822/reefer-madness,1,Colorado > South Platte > Turkey Rocks > Turkey Perch,2.9,-1,TR,Not Led,Trad,Not Assigned,78.0,Turkey Perch,Colorado
2020-08-08,Time Stands Still,5.10b,No Notes,https://www.mountainproject.com/route/115391614/time-stands-still,7,Colorado > South Platte > Devil's Head > Devil's Head Rock,3.3,-1,Follow,Not Led,Sport,Not Assigned,78.0,Devil's Head Rock,Colorado
2020-07-31,Tomb of Sorrows,5.8,No Notes,https://www.mountainproject.com/route/105761367/tomb-of-sorrows,1,Colorado > Boulder > Boulder Canyon > Avalon > Second Tier > Middle Wall,1.7,-1,TR,Not Led,Sport,Not Assigned,75.0,Middle Wall,Colorado
2020-07-31,Start Me Up,5.7,No Notes,https://www.mountainproject.com/route/105761160/start-me-up,1,Colorado > Boulder > Boulder Canyon > Solaris,1.7,-1,TR,Not Led,Sport,Not Assigned,70.0,Solaris,Colorado
2020-07-31,The Luminosity,5.9,No Notes,https://www.mountainproject.com/route/105761157/the-luminosity,1,Colorado > Boulder > Boulder Canyon > Solaris,3.0,-1,TR,Not Led,Sport,Not Assigned,85.0,Solaris,Colorado
2020-07-10,Sword In The Stone,5.9+,No Notes,https://www.mountainproject.com/route/105862660/sword-in-the-stone,1,Colorado > Boulder > Boulder Canyon > Avalon > First Tier,2.5,-1,TR,Not Led,Sport,Not Assigned,70.0,First Tier,Colorado
2020-07-06,Jump Start,5.9,No Notes,https://www.mountainproject.com/route/106310492/jump-start,1,Colorado > South Platte > Turkey Rocks > Turkey Rock,2.7,-1,TR,Not Led,Trad,Not Assigned,60.0,Turkey Rock,Colorado
2020-06-29,Left Handed Jew,5.7+,No Notes,https://www.mountainproject.com/route/105749284/left-handed-jew,1,Colorado > South Platte > Turkey Rocks > Turkey Perch,3.1,-1,TR,Not Led,"Trad, TR",Not Assigned,70.0,Turkey Perch,Colorado
2020-06-29,Ragger Bagger,5.8+,No Notes,https://www.mountainproject.com/route/105749689/ragger-bagger,1,Colorado > South Platte > Turkey Rocks > Turkey Perch,3.0,-1,TR,Not Led,Trad,Not Assigned,78.0,Turkey Perch,Colorado
2020-06-20,Southwest Ridge,3rd,No Notes,https://www.mountainproject.com/route/105763053/southwest-ridge,1,Colorado > Alpine Rock > San Juans > Mount Sneffels,2.8,-1,Solo,Not Led,"Trad, Alpine",Not Assigned,78.0,Mount Sneffels,Colorado
2020-06-12,The Fiend,5.9,No Notes,https://www.mountainproject.com/route/106590436/the-fiend,1,Colorado > South Platte > Turkey Rocks > Turkey Rock,2.6,-1,TR,Not Led,Trad,Not Assigned,115.0,Turkey Rock,Colorado
2020-06-06,The Eastern Front,5.8,No Notes,https://www.mountainproject.com/route/106590481/the-eastern-front,1,Colorado > South Platte > Turkey Rocks > Turkey Rock,2.3,-1,TR,Not Led,Trad,Not Assigned,115.0,Turkey Rock,Colorado
2020-05-18,Great Northern Slab,5.7,No Notes,https://www.mountainproject.com/route/105790657/great-northern-slab,3,Washington > Central-West Cascades & Seattle > Skykomish Valley > Index > Lower Town Wall > (A) Great Northern Slab,2.9,-1,Follow,Not Led,Trad,Not Assigned,78.0,(A) Great Northern Slab,Washington
2020-05-15,The Coffin,5.9,Gumby bounced,https://www.mountainproject.com/route/105740048/the-coffin,1,Utah > Wasatch Range > Central Wasatch > Little Cottonwood Canyon > Coffin Buttress,3.8,-1,TR,Not Led,Trad,Not Assigned,80.0,Coffin Buttress,Utah
2020-05-14,Crescent Crack,5.7,No Notes,https://www.mountainproject.com/route/105740015/crescent-crack,2,Utah > Wasatch Range > Central Wasatch > Little Cottonwood Canyon > Crescent Crack Buttress,2.9,-1,TR,Not Led,Trad,Not Assigned,300.0,Crescent Crack Buttress,Utah
2020-05-11,Grizabella,5.7,No Notes,https://www.mountainproject.com/route/105748861/grizabella,1,Colorado > Golden > Clear Creek Canyon > The Catslab,2.2,-1,Lead,Onsight,Sport,Not Assigned,95.0,The Catslab,Colorado
2020-05-11,Skimbleshanks,5.8-,No Notes,https://www.mountainproject.com/route/105749530/skimbleshanks,1,Colorado > Golden > Clear Creek Canyon > The Catslab,3.0,-1,Lead,Redpoint,Sport,Not Assigned,130.0,The Catslab,Colorado
2020-05-09,Dash and Thrangle,5.7,No Notes,https://www.mountainproject.com/route/105756853/dash-and-thrangle,1,Colorado > South Platte > Turkey Rocks > Turkey Rock,1.6,-1,TR,Not Led,Trad,Not Assigned,40.0,Turkey Rock,Colorado
2020-05-09,Mellow Yellow,5.8,No Notes,https://www.mountainproject.com/route/105751483/mellow-yellow,2,Colorado > South Platte > Turkey Rocks > Leftovers,2.9,-1,Follow,Not Led,Trad,Not Assigned,78.0,Leftovers,Colorado
2020-03-18,Honky Jam Ass Crack,5.7,"First Crack, fell but made it ",https://www.mountainproject.com/route/105750361/honky-jam-ass-crack,1,Colorado > South Platte > Turkey Rocks > Turkey Perch,2.8,-1,TR,Not Led,"Trad, TR",Not Assigned,78.0,Turkey Perch,Colorado
2020-02-29,Mungajerry,5.10a,Almost! ,https://www.mountainproject.com/route/105752506/mungajerry,1,Colorado > Golden > Clear Creek Canyon > The Catslab,2.3,-1,TR,Not Led,Sport,Not Assigned,100.0,The Catslab,Colorado
2020-02-29,Rumple Teaser,5.10b,No Notes,https://www.mountainproject.com/route/105749188/rumple-teaser,1,Colorado > Golden > Clear Creek Canyon > The Catslab,2.6,-1,TR,Not Led,Sport,Not Assigned,100.0,The Catslab,Colorado
2020-02-29,Mr. Mistoffeles,5.9,No Notes,https://www.mountainproject.com/route/105752509/mr-mistoffeles,1,Colorado > Golden > Clear Creek Canyon > The Catslab,2.7,-1,TR,Not Led,Sport,Not Assigned,78.0,The Catslab,Colorado
